feature	metadata	value	coef	stderr	N	N.not.0	pval	qval
ALL.CHORISMATE.PWY	Solar.Radiation..W.m2.	Solar.Radiation..W.m2.	0.000258840119442826	5.30988456915419e-05	11	11	0.000877809609030019	0.0819288968428018
PWY.7315	Solar.Radiation..W.m2.	Solar.Radiation..W.m2.	0.000222630348619009	4.4175366182713e-05	11	11	0.000700076814626721	0.0819288968428018
PWY0.1261	Solar.Radiation..W.m2.	Solar.Radiation..W.m2.	0.000189363672185488	3.78398365088319e-05	11	11	0.000734597513282624	0.0819288968428018
