"term","n","n_significant","fraction","percent","median_herit","median_herit_significant_only"
"Environment",332,"n = 95",0.286144578313253,"28.6 % sig.",0.0529899863450163,0.104527879128913
"GXE",332,"n = 64",0.192771084337349,"19.3 % sig.",0.296459672073921,0.387912402698573
"Maize Genotype",332,"n = 5",0.0150602409638554,"1.5 % sig.",0.0527934516939831,0.115124858794303
