"term","n","n_significant","fraction","percent","median_herit","median_herit_significant_only"
"Environment",267,"n = 96",0.359550561797753,"36 % sig.",0.0572995277720354,0.123109205007924
"GXE",267,"n = 66",0.247191011235955,"24.7 % sig.",0.280224517529222,0.363902789684039
"Maize Genotype",267,"n = 7",0.0262172284644195,"2.6 % sig.",0.0538642379917329,0.105955633592102
