feature	metadata	value	coef	stderr	N	N.not.0	pval	qval
DAPLYSINESYN.PWY	Relative.Humidity....	Relative.Humidity....	-0.000108383649133363	1.7063867039594e-05	11	11	0.000132617445192354	0.0371328846538592
